DIM,PROCS,REP,TIME,STATUS
500,10,10,0.673799,0
500,10,1,0.704367,0
500,10,2,0.624495,0
500,10,3,0.658297,0
500,10,4,0.643708,0
500,10,5,0.658723,0
500,10,6,0.655414,0
500,10,7,0.666187,0
500,10,8,0.662615,0
500,10,9,0.612895,0
500,1,10,2.128682,0
500,1,1,2.157846,0
500,1,2,2.132619,0
500,1,3,2.124288,0
500,1,4,2.117557,0
500,1,5,2.139622,0
500,1,6,2.156157,0
500,1,7,2.138123,0
500,1,8,2.162956,0
500,1,9,2.115810,0
500,2,10,1.759743,0
500,2,1,1.777130,0
500,2,2,1.785762,0
500,2,3,1.768280,0
500,2,4,1.771839,0
500,2,5,1.761908,0
500,2,6,1.784321,0
500,2,7,1.770696,0
500,2,8,1.798793,0
500,2,9,1.764790,0
500,3,10,1.386886,0
500,3,1,1.372212,0
500,3,2,1.374796,0
500,3,3,1.420196,0
500,3,4,1.376660,0
500,3,5,1.380868,0
500,3,6,1.432879,0
500,3,7,1.408035,0
500,3,8,1.410439,0
500,3,9,1.382304,0
500,4,10,0.901613,0
500,4,1,0.887061,0
500,4,2,0.887609,0
500,4,3,0.926095,0
500,4,4,0.916934,0
500,4,5,0.918666,0
500,4,6,0.894518,0
500,4,7,0.888117,0
500,4,8,0.915821,0
500,4,9,0.906412,0
500,5,10,0.852411,0
500,5,1,0.786412,0
500,5,2,0.804855,0
500,5,3,0.853020,0
500,5,4,0.802682,0
500,5,5,0.821208,0
500,5,6,0.859048,0
500,5,7,0.809346,0
500,5,8,0.817727,0
500,5,9,0.831481,0
500,6,10,0.747108,0
500,6,1,0.688520,0
500,6,2,0.741410,0
500,6,3,0.739700,0
500,6,4,0.743776,0
500,6,5,0.741759,0
500,6,6,0.745069,0
500,6,7,0.741918,0
500,6,8,0.743657,0
500,6,9,0.747101,0
500,7,10,0.587861,0
500,7,1,0.573969,0
500,7,2,0.600770,0
500,7,3,0.604932,0
500,7,4,0.601086,0
500,7,5,0.609662,0
500,7,6,0.627351,0
500,7,7,0.603599,0
500,7,8,0.604304,0
500,7,9,0.626797,0
500,8,10,0.446082,0
500,8,1,0.545366,0
500,8,2,0.538388,0
500,8,3,0.545439,0
500,8,4,0.525143,0
500,8,5,0.527851,0
500,8,6,0.534327,0
500,8,7,0.525923,0
500,8,8,0.486427,0
500,8,9,0.456077,0
500,9,10,0.401945,0
500,9,1,0.485891,0
500,9,2,0.485988,0
500,9,3,0.495037,0
500,9,4,0.457595,0
500,9,5,0.496818,0
500,9,6,0.447994,0
500,9,7,0.411677,0
500,9,8,0.405025,0
500,9,9,0.406558,0
500,11,10,0.360491,0
500,11,1,0.392394,0
500,11,2,0.403516,0
500,11,3,0.405980,0
500,11,4,0.382308,0
500,11,5,0.390033,0
500,11,6,0.387512,0
500,11,7,0.361452,0
500,11,8,0.361719,0
500,11,9,0.360512,0
500,12,10,0.366296,0
500,12,1,0.358271,0
500,12,2,0.365707,0
500,12,3,0.379337,0
500,12,4,0.383337,0
500,12,5,0.373016,0
500,12,6,0.378388,0
500,12,7,0.344469,0
500,12,8,0.378693,0
500,12,9,0.375000,0
500,13,10,0.279408,0
500,13,1,0.339355,0
500,13,2,0.328532,0
500,13,3,0.348865,0
500,13,4,0.353774,0
500,13,5,0.339882,0
500,13,6,0.340763,0
500,13,7,0.309821,0
500,13,8,0.309814,0
500,13,9,0.283097,0
500,14,10,0.550731,0
500,14,1,0.527075,0
500,14,2,0.589048,0
500,14,3,0.558224,0
500,14,4,0.586250,0
500,14,5,0.563904,0
500,14,6,0.570050,0
500,14,7,0.542252,0
500,14,8,0.545586,0
500,14,9,0.554275,0
500,15,10,0.246205,0
500,15,1,0.289503,0
500,15,2,0.292661,0
500,15,3,0.275800,0
500,15,4,0.245979,0
500,15,5,0.246361,0
500,15,6,0.248020,0
500,15,7,0.250228,0
500,15,8,0.248823,0
500,15,9,0.244793,0
500,16,10,0.259228,0
500,16,1,0.275310,0
500,16,2,0.271494,0
500,16,3,0.274113,0
500,16,4,0.281715,0
500,16,5,0.280705,0
500,16,6,0.277682,0
500,16,7,0.258565,0
500,16,8,0.259672,0
500,16,9,0.242407,0
500,17,10,0.220837,0
500,17,1,0.258427,0
500,17,2,0.252140,0
500,17,3,0.266421,0
500,17,4,0.244637,0
500,17,5,0.239317,0
500,17,6,0.217514,0
500,17,7,0.219720,0
500,17,8,0.219825,0
500,17,9,0.219365,0
500,18,10,0.462372,0
500,18,1,0.406067,0
500,18,2,0.412406,0
500,18,3,0.463658,0
500,18,4,0.410961,0
500,18,5,0.348244,0
500,18,6,0.405660,0
500,18,7,0.387382,0
500,18,8,0.365540,0
500,18,9,0.339907,0
500,19,10,0.219336,0
500,19,1,0.214617,0
500,19,2,0.232792,0
500,19,3,0.218747,0
500,19,4,0.219278,0
500,19,5,0.219026,0
500,19,6,0.221289,0
500,19,7,0.219702,0
500,19,8,0.221130,0
500,19,9,0.219290,0
500,20,10,0.235633,0
500,20,1,0.231560,0
500,20,2,0.230132,0
500,20,3,0.228566,0
500,20,4,0.228994,0
500,20,5,0.214664,0
500,20,6,0.206910,0
500,20,7,0.189244,0
500,20,8,0.192472,0
500,20,9,0.236034,0
500,21,10,0.230773,0
500,21,1,0.224481,0
500,21,2,0.229891,0
500,21,3,0.232638,0
500,21,4,0.229878,0
500,21,5,0.224819,0
500,21,6,0.230314,0
500,21,7,0.224021,0
500,21,8,0.230410,0
500,21,9,0.230455,0
500,22,10,0.378757,0
500,22,1,0.387643,0
500,22,2,0.423326,0
500,22,3,0.408135,0
500,22,4,0.413247,0
500,22,5,0.411491,0
500,22,6,0.459556,0
500,22,7,0.424580,0
500,22,8,0.406792,0
500,22,9,0.414806,0
500,23,10,0.198802,0
500,23,1,0.210843,0
500,23,2,0.205926,0
500,23,3,0.210626,0
500,23,4,0.210447,0
500,23,5,0.211191,0
500,23,6,0.211765,0
500,23,7,0.212404,0
500,23,8,0.198760,0
500,23,9,0.198426,0
500,24,10,0.182267,0
500,24,1,0.203920,0
500,24,2,0.205611,0
500,24,3,0.205288,0
500,24,4,0.209496,0
500,24,5,0.205270,0
500,24,6,0.205801,0
500,24,7,0.207103,0
500,24,8,0.189356,0
500,24,9,0.179028,0
500,25,10,0.339672,0
500,25,1,0.374606,0
500,25,2,0.345871,0
500,25,3,0.373976,0
500,25,4,0.300193,0
500,25,5,0.316186,0
500,25,6,0.338942,0
500,25,7,0.307961,0
500,25,8,0.276033,0
500,25,9,0.280569,0
500,26,10,0.295609,0
500,26,1,0.274245,0
500,26,2,0.265066,0
500,26,3,0.289758,0
500,26,4,0.303947,0
500,26,5,0.249775,0
500,26,6,0.277032,0
500,26,7,0.290816,0
500,26,8,0.271307,0
500,26,9,0.330077,0
500,27,10,0.141696,0
500,27,1,0.163338,0
500,27,2,0.165818,0
500,27,3,0.163271,0
500,27,4,0.164625,0
500,27,5,0.164713,0
500,27,6,0.164737,0
500,27,7,0.164767,0
500,27,8,0.145016,0
500,27,9,0.146366,0
500,28,10,0.413523,0
500,28,1,0.397860,0
500,28,2,0.408187,0
500,28,3,0.487679,0
500,28,4,0.377026,0
500,28,5,0.430991,0
500,28,6,0.423950,0
500,28,7,0.375504,0
500,28,8,0.393716,0
500,28,9,0.379264,0
500,29,10,0.156393,0
500,29,1,0.174043,0
500,29,2,0.176198,0
500,29,3,0.162721,0
500,29,4,0.170603,0
500,29,5,0.175503,0
500,29,6,0.160021,0
500,29,7,0.159593,0
500,29,8,0.159953,0
500,29,9,0.156201,0
500,30,10,0.331068,0
500,30,1,0.303886,0
500,30,2,0.278232,0
500,30,3,0.284695,0
500,30,4,0.281051,0
500,30,5,0.292172,0
500,30,6,0.271472,0
500,30,7,0.291717,0
500,30,8,0.246508,0
500,30,9,0.263670,0
500,31,10,0.208018,0
500,31,1,0.195889,0
500,31,2,0.167614,0
500,31,3,0.159994,0
500,31,4,0.159508,0
500,31,5,0.165112,0
500,31,6,0.149789,0
500,31,7,0.158421,0
500,31,8,0.161870,0
500,31,9,0.159756,0
500,32,10,0.186518,0
500,32,1,0.168565,0
500,32,2,0.189137,0
500,32,3,0.217667,0
500,32,4,0.611979,0
500,32,5,0.150109,0
500,32,6,0.145570,0
500,32,7,0.147614,0
500,32,8,0.160935,0
500,32,9,0.212052,0
500,33,10,0.187534,0
500,33,1,0.226271,0
500,33,2,0.221395,0
500,33,3,0.203148,0
500,33,4,0.175152,0
500,33,5,0.286786,0
500,33,6,0.201487,0
500,33,7,0.222206,0
500,33,8,0.197674,0
500,33,9,0.206945,0
500,34,10,0.274544,0
500,34,1,0.246103,0
500,34,2,0.230760,0
500,34,3,0.247586,0
500,34,4,0.245229,0
500,34,5,0.252490,0
500,34,6,0.261781,0
500,34,7,0.233851,0
500,34,8,0.268532,0
500,34,9,0.253530,0
500,35,10,0.266840,0
500,35,1,0.336004,0
500,35,2,0.250731,0
500,35,3,0.424616,0
500,35,4,0.325698,0
500,35,5,0.273581,0
500,35,6,0.285155,0
500,35,7,0.281265,0
500,35,8,0.355168,0
500,35,9,0.316003,0
500,36,10,0.141323,0
500,36,1,0.141714,0
500,36,2,0.140923,0
500,36,3,0.140450,0
500,36,4,0.143151,0
500,36,5,0.144050,0
500,36,6,0.143499,0
500,36,7,0.143500,0
500,36,8,0.247208,0
500,36,9,0.143163,0
500,37,10,0.121260,0
500,37,1,0.121269,0
500,37,2,0.121215,0
500,37,3,0.120416,0
500,37,4,0.120920,0
500,37,5,0.120496,0
500,37,6,0.121047,0
500,37,7,0.121146,0
500,37,8,0.121400,0
500,37,9,0.120827,0
500,38,10,0.196869,0
500,38,1,0.232101,0
500,38,2,0.243483,0
500,38,3,0.228166,0
500,38,4,0.231461,0
500,38,5,0.224646,0
500,38,6,0.213928,0
500,38,7,0.221442,0
500,38,8,0.262040,0
500,38,9,0.231509,0
500,39,10,0.127528,0
500,39,1,0.123206,0
500,39,2,0.125728,0
500,39,3,0.123589,0
500,39,4,0.123467,0
500,39,5,0.122846,0
500,39,6,0.124117,0
500,39,7,0.125657,0
500,39,8,0.124100,0
500,39,9,0.126565,0
500,40,10,0.104762,0
500,40,1,0.128765,0
500,40,2,0.129289,0
500,40,3,0.121436,0
500,40,4,0.121063,0
500,40,5,0.123979,0
500,40,6,0.120796,0
500,40,7,0.102069,0
500,40,8,0.102871,0
500,40,9,0.102039,0
500,41,10,0.117196,0
500,41,1,0.127708,0
500,41,2,0.125433,0
500,41,3,0.124316,0
500,41,4,0.109022,0
500,41,5,0.112635,0
500,41,6,0.112689,0
500,41,7,0.112592,0
500,41,8,0.113240,0
500,41,9,0.115422,0
500,42,10,0.179125,0
500,42,1,0.230427,0
500,42,2,0.251922,0
500,42,3,0.252039,0
500,42,4,0.262431,0
500,42,5,0.242998,0
500,42,6,0.276219,0
500,42,7,0.256849,0
500,42,8,0.255618,0
500,42,9,0.258363,0
500,43,10,0.284277,0
500,43,1,0.264672,0
500,43,2,0.280029,0
500,43,3,0.259201,0
500,43,4,0.256979,0
500,43,5,0.264736,0
500,43,6,0.268908,0
500,43,7,0.273443,0
500,43,8,0.256158,0
500,43,9,0.271149,0
500,44,10,0.118014,0
500,44,1,0.117173,0
500,44,2,0.117563,0
500,44,3,0.116241,0
500,44,4,0.117402,0
500,44,5,0.116938,0
500,44,6,0.117189,0
500,44,7,0.116857,0
500,44,8,0.118393,0
500,44,9,0.117822,0
500,45,10,0.116251,0
500,45,1,0.116537,0
500,45,2,0.118230,0
500,45,3,0.116378,0
500,45,4,0.116320,0
500,45,5,0.117082,0
500,45,6,0.115115,0
500,45,7,0.115449,0
500,45,8,0.119165,0
500,45,9,0.116263,0
500,46,10,0.196369,0
500,46,1,0.194233,0
500,46,2,0.201998,0
500,46,3,0.200818,0
500,46,4,0.204658,0
500,46,5,0.171806,0
500,46,6,0.168480,0
500,46,7,0.172799,0
500,46,8,0.195371,0
500,46,9,0.175114,0
500,47,10,0.127232,0
500,47,1,0.133540,0
500,47,2,0.133948,0
500,47,3,0.133825,0
500,47,4,0.105384,0
500,47,5,0.126756,0
500,47,6,0.126727,0
500,47,7,0.127405,0
500,47,8,0.127494,0
500,47,9,0.128384,0
500,48,10,0.112087,0
500,48,1,0.110380,0
500,48,2,0.111486,0
500,48,3,0.113978,0
500,48,4,0.110873,0
500,48,5,0.113028,0
500,48,6,0.115056,0
500,48,7,0.112106,0
500,48,8,0.110590,0
500,48,9,0.111725,0
500,49,10,0.095046,0
500,49,1,0.111758,0
500,49,2,0.111697,0
500,49,3,0.112815,0
500,49,4,0.111669,0
500,49,5,0.111817,0
500,49,6,0.109690,0
500,49,7,0.109355,0
500,49,8,0.096582,0
500,49,9,0.095033,0
500,50,10,0.136864,0
500,50,1,0.226270,0
500,50,2,0.230438,0
500,50,3,0.184514,0
500,50,4,0.204871,0
500,50,5,0.194135,0
500,50,6,0.206020,0
500,50,7,0.193117,0
500,50,8,0.162841,0
500,50,9,0.158918,0
500,51,10,0.223932,0
500,51,1,0.219352,0
500,51,2,0.215329,0
500,51,3,0.192483,0
500,51,4,0.208723,0
500,51,5,0.175072,0
500,51,6,0.190943,0
500,51,7,0.166609,0
500,51,8,0.230242,0
500,51,9,0.206684,0
500,52,10,0.184279,0
500,52,1,0.221966,0
500,52,2,0.221006,0
500,52,3,0.217695,0
500,52,4,0.214425,0
500,52,5,0.232352,0
500,52,6,0.186917,0
500,52,7,0.232511,0
500,52,8,0.221668,0
500,52,9,0.220718,0
500,53,10,0.153368,0
500,53,1,0.197360,0
500,53,2,0.183690,0
500,53,3,0.203423,0
500,53,4,0.187249,0
500,53,5,0.200146,0
500,53,6,0.203248,0
500,53,7,0.200843,0
500,53,8,0.230631,0
500,53,9,0.193620,0
500,54,10,0.086640,0
500,54,1,0.089969,0
500,54,2,0.152692,0
500,54,3,0.177594,0
500,54,4,0.130877,0
500,54,5,0.087277,0
500,54,6,0.087566,0
500,54,7,0.163207,0
500,54,8,0.088402,0
500,54,9,0.087564,0
500,55,10,0.085683,0
500,55,1,0.087074,0
500,55,2,0.174195,0
500,55,3,0.084873,0
500,55,4,0.085101,0
500,55,5,0.085145,0
500,55,6,0.084699,0
500,55,7,0.085108,0
500,55,8,0.085970,0
500,55,9,0.195811,0
500,56,10,0.193918,0
500,56,1,0.085733,0
500,56,2,0.083885,0
500,56,3,0.085656,0
500,56,4,0.083601,0
500,56,5,0.086180,0
500,56,6,0.083573,0
500,56,7,0.083706,0
500,56,8,0.085148,0
500,56,9,0.089381,0
500,57,10,0.086853,0
500,57,1,0.160944,0
500,57,2,0.086395,0
500,57,3,0.088138,0
500,57,4,0.081341,0
500,57,5,0.089272,0
500,57,6,0.087820,0
500,57,7,0.097076,0
500,57,8,0.115076,0
500,57,9,0.083258,0
500,58,10,0.419337,0
500,58,1,0.145473,0
500,58,2,0.178787,0
500,58,3,0.179717,0
500,58,4,0.168633,0
500,58,5,0.323149,0
500,58,6,0.155242,0
500,58,7,0.202089,0
500,58,8,0.152139,0
500,58,9,0.159130,0
500,59,10,0.268986,0
500,59,1,0.264445,0
500,59,2,0.306862,0
500,59,3,0.203414,0
500,59,4,0.231898,0
500,59,5,0.241430,0
500,59,6,0.247459,0
500,59,7,0.235354,0
500,59,8,0.243514,0
500,59,9,0.240506,0
500,60,10,0.251475,0
500,60,1,0.279674,0
500,60,2,0.391086,0
500,60,3,0.149467,0
500,60,4,0.346236,0
500,60,5,0.239018,0
500,60,6,0.390147,0
500,60,7,0.355069,0
500,60,8,0.365466,0
500,60,9,0.186574,0
500,61,10,0.174912,0
500,61,1,0.276435,0
500,61,2,0.321515,0
500,61,3,0.202584,0
500,61,4,0.244014,0
500,61,5,0.248291,0
500,61,6,0.217557,0
500,61,7,0.231359,0
500,61,8,0.192303,0
500,61,9,0.252318,0
500,62,10,0.283828,0
500,62,1,0.313249,0
500,62,2,0.293830,0
500,62,3,0.311425,0
500,62,4,0.340398,0
500,62,5,0.296634,0
500,62,6,0.330525,0
500,62,7,0.248514,0
500,62,8,0.325572,0
500,62,9,0.348882,0
500,63,10,0.399839,0
500,63,1,0.284282,0
500,63,2,0.356591,0
500,63,3,0.320571,0
500,63,4,0.351282,0
500,63,5,0.409336,0
500,63,6,0.466836,0
500,63,7,0.328836,0
500,63,8,0.346870,0
500,63,9,0.362923,0
500,64,10,0.732397,0
500,64,1,0.697510,0
500,64,2,0.818613,0
500,64,3,0.751379,0
500,64,4,0.706634,0
500,64,5,0.647995,0
500,64,6,0.810655,0
500,64,7,0.761071,0
500,64,8,0.857316,0
500,64,9,0.691085,0
500,65,10,0.871606,0
500,65,1,0.836155,0
500,65,2,0.837158,0
500,65,3,0.777925,0
500,65,4,0.838617,0
500,65,5,0.849369,0
500,65,6,0.821067,0
500,65,7,0.843576,0
500,65,8,0.825687,0
500,65,9,0.849309,0
500,66,10,1.046404,0
500,66,1,1.041313,0
500,66,2,1.035751,0
500,66,3,0.992036,0
500,66,4,1.003829,0
500,66,5,1.097632,0
500,66,6,1.104793,0
500,66,7,1.018152,0
500,66,8,1.110662,0
500,66,9,1.098907,0
500,67,10,0.552276,0
500,67,1,0.557628,0
500,67,2,0.561689,0
500,67,3,0.551564,0
500,67,4,0.551498,0
500,67,5,0.553341,0
500,67,6,0.555194,0
500,67,7,0.554673,0
500,67,8,0.576510,0
500,67,9,0.577923,0
500,68,10,1.046509,0
500,68,1,1.051516,0
500,68,2,1.010449,0
500,68,3,1.011920,0
500,68,4,1.009070,0
500,68,5,1.087756,0
500,68,6,1.082824,0
500,68,7,1.043152,0
500,68,8,1.044894,0
500,68,9,1.019257,0
500,69,10,1.068134,0
500,69,1,1.086781,0
500,69,2,1.076729,0
500,69,3,1.051927,0
500,69,4,1.082732,0
500,69,5,1.054987,0
500,69,6,1.051365,0
500,69,7,1.057064,0
500,69,8,1.043271,0
500,69,9,1.036086,0
500,70,10,1.112576,0
500,70,1,1.177308,0
500,70,2,1.152575,0
500,70,3,1.127991,0
500,70,4,1.097434,0
500,70,5,1.124159,0
500,70,6,1.130713,0
500,70,7,1.105302,0
500,70,8,1.153259,0
500,70,9,1.144694,0
500,71,10,0.713644,0
500,71,1,0.688371,0
500,71,2,0.709489,0
500,71,3,0.702397,0
500,71,4,0.702859,0
500,71,5,0.678189,0
500,71,6,0.698442,0
500,71,7,0.663029,0
500,71,8,0.708581,0
500,71,9,0.726211,0
500,72,10,1.219177,0
500,72,1,1.169356,0
500,72,2,1.215164,0
500,72,3,1.188729,0
500,72,4,1.242296,0
500,72,5,1.200468,0
500,72,6,1.245171,0
500,72,7,1.185585,0
500,72,8,1.214925,0
500,72,9,1.189679,2
1000,1,10,20.117092,0
1000,1,1,20.418901,0
1000,1,2,19.883504,0
1000,1,3,20.144703,0
1000,1,4,20.091473,0
1000,1,5,19.869407,0
1000,1,6,19.783339,0
1000,1,7,19.572843,0
1000,1,8,19.935880,0
1000,1,9,19.630682,0
1000,12,10,3.073639,0
1000,12,1,3.049126,0
1000,12,2,3.024010,0
1000,12,3,3.062493,0
1000,12,4,3.067119,0
1000,12,5,3.050380,0
1000,12,6,3.081661,0
1000,12,7,3.016408,0
1000,12,8,3.078734,0
1000,12,9,3.076219,0
1000,16,10,2.313740,0
1000,16,1,2.263360,0
1000,16,2,2.359226,0
1000,16,3,2.301313,0
1000,16,4,2.300083,0
1000,16,5,2.290251,0
1000,16,6,2.312077,0
1000,16,7,2.303228,0
1000,16,8,2.302391,0
1000,16,9,2.307940,0
1000,20,10,1.727361,0
1000,20,1,1.861482,0
1000,20,2,1.798322,0
1000,20,3,1.810327,0
1000,20,4,1.847718,0
1000,20,5,1.845947,0
1000,20,6,1.850452,0
1000,20,7,1.862985,0
1000,20,8,1.840702,0
1000,20,9,1.866923,0
1000,24,10,1.404677,0
1000,24,1,1.577448,0
1000,24,2,1.542305,0
1000,24,3,1.500380,0
1000,24,4,1.532663,0
1000,24,5,1.520372,0
1000,24,6,1.534205,0
1000,24,7,1.518549,0
1000,24,8,1.407673,0
1000,24,9,1.410448,0
1000,28,10,1.042232,0
1000,28,1,1.211728,0
1000,28,2,1.218348,0
1000,28,3,1.201123,0
1000,28,4,1.213263,0
1000,28,5,1.197717,0
1000,28,6,1.170783,0
1000,28,7,1.202484,0
1000,28,8,1.197173,0
1000,28,9,1.202391,0
1000,32,10,2.241111,0
1000,32,1,2.368003,0
1000,32,2,2.219843,0
1000,32,3,2.326100,0
1000,32,4,2.224332,0
1000,32,5,2.197916,0
1000,32,6,2.195604,0
1000,32,7,2.278115,0
1000,32,8,2.480642,0
1000,32,9,2.327202,0
1000,36,10,1.028151,0
1000,36,1,1.048339,0
1000,36,2,1.061324,0
1000,36,3,1.047917,0
1000,36,4,1.020660,0
1000,36,5,0.909677,0
1000,36,6,0.976124,0
1000,36,7,1.015651,0
1000,36,8,1.011455,0
1000,36,9,1.005462,0
1000,4,10,7.043305,0
1000,4,1,7.047709,0
1000,4,2,7.046677,0
1000,4,3,7.078349,0
1000,4,4,7.014217,0
1000,4,5,7.018571,0
1000,4,6,7.054882,0
1000,4,7,7.056250,0
1000,4,8,7.040408,0
1000,4,9,7.045299,0
1000,40,10,0.808548,0
1000,40,1,0.804800,0
1000,40,2,0.804107,0
1000,40,3,0.804884,0
1000,40,4,0.815151,0
1000,40,5,0.802641,0
1000,40,6,0.806482,0
1000,40,7,0.809987,0
1000,40,8,0.807278,0
1000,40,9,0.805994,0
1000,44,10,0.835070,0
1000,44,1,0.849180,0
1000,44,2,0.833413,0
1000,44,3,0.834100,0
1000,44,4,0.842072,0
1000,44,5,0.833273,0
1000,44,6,0.829267,0
1000,44,7,0.814368,0
1000,44,8,0.830356,0
1000,44,9,0.832221,0
1000,48,10,0.798378,0
1000,48,1,0.809933,0
1000,48,2,0.819950,0
1000,48,3,0.798387,0
1000,48,4,0.803608,0
1000,48,5,0.798818,0
1000,48,6,0.799417,0
1000,48,7,0.795218,0
1000,48,8,0.803420,0
1000,48,9,0.802414,0
1000,52,10,1.101712,0
1000,52,1,1.287085,0
1000,52,2,1.551043,0
1000,52,3,1.483390,0
1000,52,4,1.484379,0
1000,52,5,1.404109,0
1000,52,6,1.444939,0
1000,52,7,1.513351,0
1000,52,8,1.438967,0
1000,52,9,1.392584,0
1000,56,10,0.546104,0
1000,56,1,0.796144,0
1000,56,2,0.799561,0
1000,56,3,0.810242,0
1000,56,4,0.798666,0
1000,56,5,0.791539,0
1000,56,6,0.797605,0
1000,56,7,0.809457,0
1000,56,8,0.801463,0
1000,56,9,0.621527,0
1000,8,10,4.563667,0
1000,8,1,4.547063,0
1000,8,2,4.587843,0
1000,8,3,4.546186,0
1000,8,4,4.596663,0
1000,8,5,4.551515,0
1000,8,6,4.483424,0
1000,8,7,4.569951,0
1000,8,8,4.642468,0
1000,8,9,4.346838,0
1000,60,10,0.601227,0
1000,60,1,0.686941,0
1000,60,2,0.611316,0
1000,60,3,0.599454,0
1000,60,4,0.704944,0
1000,60,5,0.713498,0
1000,60,6,0.724892,0
1000,60,7,0.681289,0
1000,60,8,0.663953,0
1000,60,9,0.619598,0
1000,64,10,1.633588,0
1000,64,1,1.426895,0
1000,64,2,1.395277,0
1000,64,3,1.499363,0
1000,64,4,1.514447,0
1000,64,5,1.526158,0
1000,64,6,1.484483,0
1000,64,7,1.464403,0
1000,64,8,1.551235,0
1000,64,9,1.494564,0
1000,68,10,1.588637,0
1000,68,1,1.576821,0
1000,68,2,1.599393,0
1000,68,3,1.554719,0
1000,68,4,1.601659,0
1000,68,5,1.556578,0
1000,68,6,1.598348,0
1000,68,7,1.528744,0
1000,68,8,1.579976,0
1000,68,9,1.538723,0
1000,72,10,1.740174,0
1000,72,1,1.634777,0
1000,72,2,1.703059,0
1000,72,3,1.733880,0
1000,72,4,1.652910,0
1000,72,5,1.750263,0
1000,72,6,1.769108,0
1000,72,7,1.761069,0
1000,72,8,1.747802,0
1000,72,9,1.699496,0
2000,1,10,125.668133,0
2000,1,1,187.718973,0
2000,1,2,187.169010,0
2000,1,3,186.635536,0
2000,1,4,180.812465,0
2000,1,5,125.181579,0
2000,1,6,125.795800,0
2000,1,7,125.640536,0
2000,1,8,125.364825,0
2000,1,9,126.155003,0
2000,12,10,25.059427,0
2000,12,1,25.131759,0
2000,12,2,24.778916,0
2000,12,3,24.984597,0
2000,12,4,25.124510,0
2000,12,5,25.114889,0
2000,12,6,24.607506,0
2000,12,7,25.184370,0
2000,12,8,25.055765,0
2000,12,9,24.824024,0
2000,16,10,17.042885,0
2000,16,1,18.895661,0
2000,16,2,18.716386,0
2000,16,3,18.782916,0
2000,16,4,18.772132,0
2000,16,5,18.689621,0
2000,16,6,18.808074,0
2000,16,7,18.373518,0
2000,16,8,18.948568,0
2000,16,9,17.861941,0
2000,20,10,11.711808,0
2000,20,1,14.741855,0
2000,20,2,14.523459,0
2000,20,3,14.356190,0
2000,20,4,14.476447,0
2000,20,5,14.244836,0
2000,20,6,13.228728,0
2000,20,7,12.095505,0
2000,20,8,11.572416,0
2000,20,9,11.423567,0
2000,24,10,9.647292,0
2000,24,1,12.280480,0
2000,24,2,12.273074,0
2000,24,3,12.140856,0
2000,24,4,11.779782,0
2000,24,5,11.968799,0
2000,24,6,11.056329,0
2000,24,7,11.079278,0
2000,24,8,9.435899,0
2000,24,9,9.590078,0
2000,28,10,10.476939,0
2000,28,1,10.582493,0
2000,28,2,10.451595,0
2000,28,3,10.652617,0
2000,28,4,10.612079,0
2000,28,5,10.477309,0
2000,28,6,10.029045,0
2000,28,7,10.059477,0
2000,28,8,10.466531,0
2000,28,9,10.279097,0
2000,32,10,8.370912,0
2000,32,1,9.118101,0
2000,32,2,9.267624,0
2000,32,3,9.347711,0
2000,32,4,9.352531,0
2000,32,5,9.144586,0
2000,32,6,9.169442,0
2000,32,7,9.299931,0
2000,32,8,8.896390,0
2000,32,9,8.416298,0
2000,36,10,6.358798,0
2000,36,1,8.303495,0
2000,36,2,8.157995,0
2000,36,3,8.263186,0
2000,36,4,8.319210,0
2000,36,5,8.183546,0
2000,36,6,8.217379,0
2000,36,7,8.420551,0
2000,36,8,7.478013,0
2000,36,9,6.342217,0
2000,40,10,5.775907,0
2000,40,1,7.317862,0
2000,40,2,7.159010,0
2000,40,3,7.098891,0
2000,40,4,7.267933,0
2000,40,5,7.092702,0
2000,40,6,7.285254,0
2000,40,7,7.232938,0
2000,40,8,6.913507,0
2000,40,9,5.763062,0
2000,4,10,63.304385,0
2000,4,1,73.464839,0
2000,4,2,73.717543,0
2000,4,3,73.158910,0
2000,44,10,5.396583,0
2000,44,1,6.665125,0
2000,44,2,6.668751,0
2000,44,3,6.405314,0
2000,44,4,6.437053,0
2000,44,5,6.362809,0
2000,44,6,6.482932,0
2000,44,7,5.312088,0
2000,44,8,5.301056,0
2000,44,9,5.468791,0
2000,4,4,73.321733,0
2000,4,5,71.685135,0
2000,4,6,69.113198,0
2000,4,7,63.697995,0
2000,48,10,6.021779,0
2000,48,1,6.267480,0
2000,48,2,6.188733,0
2000,48,3,6.209406,0
2000,48,4,6.236222,0
2000,48,5,6.232756,0
2000,48,6,6.269089,0
2000,48,7,6.036947,0
2000,48,8,6.035688,0
2000,48,9,5.983466,0
2000,4,8,62.971917,0
2000,4,9,63.741183,0
2000,52,10,5.668890,0
2000,52,1,5.428599,0
2000,52,2,5.498152,0
2000,52,3,5.529040,0
2000,52,4,5.670104,0
2000,52,5,5.526801,0
2000,52,6,5.424926,0
2000,52,7,5.417664,0
2000,52,8,5.530203,0
2000,52,9,5.434107,0
2000,56,10,4.926694,0
2000,56,1,6.394772,0
2000,56,2,6.349507,0
2000,56,3,6.291648,0
2000,56,4,6.496186,0
2000,56,5,6.488339,0
2000,56,6,6.305942,0
2000,56,7,6.347807,0
2000,56,8,6.380439,0
2000,56,9,5.037146,0
2000,8,10,35.130448,0
2000,8,1,36.921584,0
2000,8,2,37.463168,0
2000,8,3,36.728884,0
2000,8,4,36.644325,0
2000,8,5,36.574099,0
2000,8,6,36.988566,0
2000,8,7,37.484975,0
2000,8,8,37.004958,0
2000,8,9,34.708612,0
2000,60,10,4.764849,0
2000,60,1,4.761327,0
2000,60,2,4.741568,0
2000,60,3,4.656460,0
2000,60,4,4.879874,0
2000,60,5,4.708786,0
2000,60,6,4.681326,0
2000,60,7,4.699346,0
2000,60,8,4.760604,0
2000,60,9,4.791053,0
2000,64,10,4.765506,0
2000,64,1,4.784458,0
2000,64,2,4.688207,0
2000,64,3,4.681135,0
2000,64,4,4.825044,0
2000,64,5,4.833349,0
2000,64,6,4.747708,0
2000,64,7,4.787277,0
2000,64,8,4.820543,0
2000,64,9,4.792903,0
2000,68,10,4.547263,0
2000,68,1,4.625136,0
2000,68,2,4.579838,0
2000,68,3,4.521003,0
2000,68,4,4.546697,0
2000,68,5,4.566740,0
2000,68,6,4.563835,0
2000,68,7,4.682939,0
2000,68,8,4.602776,0
2000,68,9,4.561740,0
2000,72,10,4.669396,0
2000,72,1,4.624815,0
2000,72,2,4.782802,0
2000,72,3,4.637593,0
2000,72,4,4.636499,0
2000,72,5,4.626718,0
2000,72,6,4.664753,0
2000,72,7,4.612212,0
2000,72,8,4.594679,0
2000,72,9,4.619245,0


